Tiêu đề sách,Link tham khảo
"Ngữ văn 12, tập một",https://www.google.com/search?q=site%3Ataphuan.nxbgd.vn%20%22Ng%E1%BB%AF%20v%C4%83n%2012%2C%20t%E1%BA%ADp%20m%E1%BB%99t%22
"Ngữ văn 12, tập hai",https://www.google.com/search?q=site%3Ataphuan.nxbgd.vn%20%22Ng%E1%BB%AF%20v%C4%83n%2012%2C%20t%E1%BA%ADp%20hai%22
Chuyên đề học tập Ngữ văn 12,https://www.google.com/search?q=site%3Ataphuan.nxbgd.vn%20%22Chuy%C3%AAn%20%C4%91%E1%BB%81%20h%E1%BB%8Dc%20t%E1%BA%ADp%20Ng%E1%BB%AF%20v%C4%83n%2012%22
"Toán 12, tập một",https://www.google.com/search?q=site%3Ataphuan.nxbgd.vn%20%22To%C3%A1n%2012%2C%20t%E1%BA%ADp%20m%E1%BB%99t%22
"Toán 12, tập hai",https://www.google.com/search?q=site%3Ataphuan.nxbgd.vn%20%22To%C3%A1n%2012%2C%20t%E1%BA%ADp%20hai%22
Chuyên đề học tập Toán 12,https://www.google.com/search?q=site%3Ataphuan.nxbgd.vn%20%22Chuy%C3%AAn%20%C4%91%E1%BB%81%20h%E1%BB%8Dc%20t%E1%BA%ADp%20To%C3%A1n%2012%22
Lịch sử 12,https://www.google.com/search?q=site%3Ataphuan.nxbgd.vn%20%22L%E1%BB%8Bch%20s%E1%BB%AD%2012%22
Chuyên đề học tập Lịch sử 12,https://www.google.com/search?q=site%3Ataphuan.nxbgd.vn%20%22Chuy%C3%AAn%20%C4%91%E1%BB%81%20h%E1%BB%8Dc%20t%E1%BA%ADp%20L%E1%BB%8Bch%20s%E1%BB%AD%2012%22
Địa lí 12,https://www.google.com/search?q=site%3Ataphuan.nxbgd.vn%20%22%C4%90%E1%BB%8Ba%20l%C3%AD%2012%22
Chuyên đề học tập Địa lí 12,https://www.google.com/search?q=site%3Ataphuan.nxbgd.vn%20%22Chuy%C3%AAn%20%C4%91%E1%BB%81%20h%E1%BB%8Dc%20t%E1%BA%ADp%20%C4%90%E1%BB%8Ba%20l%C3%AD%2012%22
Giáo dục Kinh tế và Pháp luật 12,https://www.google.com/search?q=site%3Ataphuan.nxbgd.vn%20%22Gi%C3%A1o%20d%E1%BB%A5c%20Kinh%20t%E1%BA%BF%20v%C3%A0%20Ph%C3%A1p%20lu%E1%BA%ADt%2012%22
Chuyên đề học tập Giáo dục Kinh tế và Pháp luật 12,https://www.google.com/search?q=site%3Ataphuan.nxbgd.vn%20%22Chuy%C3%AAn%20%C4%91%E1%BB%81%20h%E1%BB%8Dc%20t%E1%BA%ADp%20Gi%C3%A1o%20d%E1%BB%A5c%20Kinh%20t%E1%BA%BF%20v%C3%A0%20Ph%C3%A1p%20lu%E1%BA%ADt%2012%22
Vật lí 12,https://www.google.com/search?q=site%3Ataphuan.nxbgd.vn%20%22V%E1%BA%ADt%20l%C3%AD%2012%22
Chuyên đề học tập Vật lí 12,https://www.google.com/search?q=site%3Ataphuan.nxbgd.vn%20%22Chuy%C3%AAn%20%C4%91%E1%BB%81%20h%E1%BB%8Dc%20t%E1%BA%ADp%20V%E1%BA%ADt%20l%C3%AD%2012%22
Hóa học 12,https://www.google.com/search?q=site%3Ataphuan.nxbgd.vn%20%22H%C3%B3a%20h%E1%BB%8Dc%2012%22
Chuyên đề học tập Hóa học 12,https://www.google.com/search?q=site%3Ataphuan.nxbgd.vn%20%22Chuy%C3%AAn%20%C4%91%E1%BB%81%20h%E1%BB%8Dc%20t%E1%BA%ADp%20H%C3%B3a%20h%E1%BB%8Dc%2012%22
Sinh học 12,https://www.google.com/search?q=site%3Ataphuan.nxbgd.vn%20%22Sinh%20h%E1%BB%8Dc%2012%22
Chuyên đề học tập Sinh học 12,https://www.google.com/search?q=site%3Ataphuan.nxbgd.vn%20%22Chuy%C3%AAn%20%C4%91%E1%BB%81%20h%E1%BB%8Dc%20t%E1%BA%ADp%20Sinh%20h%E1%BB%8Dc%2012%22
Công nghệ 12 - Công nghệ Điện - Điện tử,https://www.google.com/search?q=site%3Ataphuan.nxbgd.vn%20%22C%C3%B4ng%20ngh%E1%BB%87%2012%20-%20C%C3%B4ng%20ngh%E1%BB%87%20%C4%90i%E1%BB%87n%20-%20%C4%90i%E1%BB%87n%20t%E1%BB%AD%22
Chuyên đề học tập Công nghệ 12 - Công nghệ Điện - Điện tử,https://www.google.com/search?q=site%3Ataphuan.nxbgd.vn%20%22Chuy%C3%AAn%20%C4%91%E1%BB%81%20h%E1%BB%8Dc%20t%E1%BA%ADp%20C%C3%B4ng%20ngh%E1%BB%87%2012%20-%20C%C3%B4ng%20ngh%E1%BB%87%20%C4%90i%E1%BB%87n%20-%20%C4%90i%E1%BB%87n%20t%E1%BB%AD%22
Công nghệ 12 - Lâm nghiệp - Thủy sản,https://www.google.com/search?q=site%3Ataphuan.nxbgd.vn%20%22C%C3%B4ng%20ngh%E1%BB%87%2012%20-%20L%C3%A2m%20nghi%E1%BB%87p%20-%20Th%E1%BB%A7y%20s%E1%BA%A3n%22
Chuyên đề học tập Công nghệ 12 - Lâm nghiệp - Thủy sản,https://www.google.com/search?q=site%3Ataphuan.nxbgd.vn%20%22Chuy%C3%AAn%20%C4%91%E1%BB%81%20h%E1%BB%8Dc%20t%E1%BA%ADp%20C%C3%B4ng%20ngh%E1%BB%87%2012%20-%20L%C3%A2m%20nghi%E1%BB%87p%20-%20Th%E1%BB%A7y%20s%E1%BA%A3n%22
Tin học 12 - Định hướng Tin học ứng dụng,https://www.google.com/search?q=site%3Ataphuan.nxbgd.vn%20%22Tin%20h%E1%BB%8Dc%2012%20-%20%C4%90%E1%BB%8Bnh%20h%C6%B0%E1%BB%9Bng%20Tin%20h%E1%BB%8Dc%20%E1%BB%A9ng%20d%E1%BB%A5ng%22
Chuyên đề học tập Tin học 12 - Định hướng Tin học ứng dụng,https://www.google.com/search?q=site%3Ataphuan.nxbgd.vn%20%22Chuy%C3%AAn%20%C4%91%E1%BB%81%20h%E1%BB%8Dc%20t%E1%BA%ADp%20Tin%20h%E1%BB%8Dc%2012%20-%20%C4%90%E1%BB%8Bnh%20h%C6%B0%E1%BB%9Bng%20Tin%20h%E1%BB%8Dc%20%E1%BB%A9ng%20d%E1%BB%A5ng%22
Tin học 12 - Định hướng Khoa học máy tính,https://www.google.com/search?q=site%3Ataphuan.nxbgd.vn%20%22Tin%20h%E1%BB%8Dc%2012%20-%20%C4%90%E1%BB%8Bnh%20h%C6%B0%E1%BB%9Bng%20Khoa%20h%E1%BB%8Dc%20m%C3%A1y%20t%C3%ADnh%22
Chuyên đề học tập Tin học 12 - Định hướng Khoa học máy tính,https://www.google.com/search?q=site%3Ataphuan.nxbgd.vn%20%22Chuy%C3%AAn%20%C4%91%E1%BB%81%20h%E1%BB%8Dc%20t%E1%BA%ADp%20Tin%20h%E1%BB%8Dc%2012%20-%20%C4%90%E1%BB%8Bnh%20h%C6%B0%E1%BB%9Bng%20Khoa%20h%E1%BB%8Dc%20m%C3%A1y%20t%C3%ADnh%22
Mĩ thuật 12 - Thiết kế mĩ thuật đa phương tiện,https://www.google.com/search?q=site%3Ataphuan.nxbgd.vn%20%22M%C4%A9%20thu%E1%BA%ADt%2012%20-%20Thi%E1%BA%BFt%20k%E1%BA%BF%20m%C4%A9%20thu%E1%BA%ADt%20%C4%91a%20ph%C6%B0%C6%A1ng%20ti%E1%BB%87n%22
Mĩ thuật 12 - Thiết kế đồ hoạ,https://www.google.com/search?q=site%3Ataphuan.nxbgd.vn%20%22M%C4%A9%20thu%E1%BA%ADt%2012%20-%20Thi%E1%BA%BFt%20k%E1%BA%BF%20%C4%91%E1%BB%93%20ho%E1%BA%A1%22
Mĩ thuật 12 - Thiết kế thời trang,https://www.google.com/search?q=site%3Ataphuan.nxbgd.vn%20%22M%C4%A9%20thu%E1%BA%ADt%2012%20-%20Thi%E1%BA%BFt%20k%E1%BA%BF%20th%E1%BB%9Di%20trang%22
"Mĩ thuật 12 - Thiết kế mĩ thuật sân khấu, điện ảnh",https://www.google.com/search?q=site%3Ataphuan.nxbgd.vn%20%22M%C4%A9%20thu%E1%BA%ADt%2012%20-%20Thi%E1%BA%BFt%20k%E1%BA%BF%20m%C4%A9%20thu%E1%BA%ADt%20s%C3%A2n%20kh%E1%BA%A5u%2C%20%C4%91i%E1%BB%87n%20%E1%BA%A3nh%22
Mĩ thuật 12 - Lí luận và lịch sử mĩ thuật,https://www.google.com/search?q=site%3Ataphuan.nxbgd.vn%20%22M%C4%A9%20thu%E1%BA%ADt%2012%20-%20L%C3%AD%20lu%E1%BA%ADn%20v%C3%A0%20l%E1%BB%8Bch%20s%E1%BB%AD%20m%C4%A9%20thu%E1%BA%ADt%22
Mĩ thuật 12 - Điêu khắc,https://www.google.com/search?q=site%3Ataphuan.nxbgd.vn%20%22M%C4%A9%20thu%E1%BA%ADt%2012%20-%20%C4%90i%C3%AAu%20kh%E1%BA%AFc%22
Mĩ thuật 12 - Kiến trúc,https://www.google.com/search?q=site%3Ataphuan.nxbgd.vn%20%22M%C4%A9%20thu%E1%BA%ADt%2012%20-%20Ki%E1%BA%BFn%20tr%C3%BAc%22
Mĩ thuật 12 - Hội hoạ,https://www.google.com/search?q=site%3Ataphuan.nxbgd.vn%20%22M%C4%A9%20thu%E1%BA%ADt%2012%20-%20H%E1%BB%99i%20ho%E1%BA%A1%22
Mĩ thuật 12 - Đồ hoạ (tranh in),https://www.google.com/search?q=site%3Ataphuan.nxbgd.vn%20%22M%C4%A9%20thu%E1%BA%ADt%2012%20-%20%C4%90%E1%BB%93%20ho%E1%BA%A1%20%28tranh%20in%29%22
Mĩ thuật 12 - Thiết kế công nghiệp,https://www.google.com/search?q=site%3Ataphuan.nxbgd.vn%20%22M%C4%A9%20thu%E1%BA%ADt%2012%20-%20Thi%E1%BA%BFt%20k%E1%BA%BF%20c%C3%B4ng%20nghi%E1%BB%87p%22
Chuyên đề học tập Mĩ thuật 12,https://www.google.com/search?q=site%3Ataphuan.nxbgd.vn%20%22Chuy%C3%AAn%20%C4%91%E1%BB%81%20h%E1%BB%8Dc%20t%E1%BA%ADp%20M%C4%A9%20thu%E1%BA%ADt%2012%22
Âm nhạc 12,https://www.google.com/search?q=site%3Ataphuan.nxbgd.vn%20%22%C3%82m%20nh%E1%BA%A1c%2012%22
Chuyên đề học tập Âm nhạc 12,https://www.google.com/search?q=site%3Ataphuan.nxbgd.vn%20%22Chuy%C3%AAn%20%C4%91%E1%BB%81%20h%E1%BB%8Dc%20t%E1%BA%ADp%20%C3%82m%20nh%E1%BA%A1c%2012%22
"Hoạt động trải nghiệm, hướng nghiệp 12",https://www.google.com/search?q=site%3Ataphuan.nxbgd.vn%20%22Ho%E1%BA%A1t%20%C4%91%E1%BB%99ng%20tr%E1%BA%A3i%20nghi%E1%BB%87m%2C%20h%C6%B0%E1%BB%9Bng%20nghi%E1%BB%87p%2012%22
Giáo dục thể chất 12 - Bóng chuyền,https://www.google.com/search?q=site%3Ataphuan.nxbgd.vn%20%22Gi%C3%A1o%20d%E1%BB%A5c%20th%E1%BB%83%20ch%E1%BA%A5t%2012%20-%20B%C3%B3ng%20chuy%E1%BB%81n%22
Giáo dục thể chất 12 - Bóng đá,https://www.google.com/search?q=site%3Ataphuan.nxbgd.vn%20%22Gi%C3%A1o%20d%E1%BB%A5c%20th%E1%BB%83%20ch%E1%BA%A5t%2012%20-%20B%C3%B3ng%20%C4%91%C3%A1%22
Giáo dục thể chất 12 - Cầu lông,https://www.google.com/search?q=site%3Ataphuan.nxbgd.vn%20%22Gi%C3%A1o%20d%E1%BB%A5c%20th%E1%BB%83%20ch%E1%BA%A5t%2012%20-%20C%E1%BA%A7u%20l%C3%B4ng%22
Giáo dục thể chất 12 - Bóng rổ,https://www.google.com/search?q=site%3Ataphuan.nxbgd.vn%20%22Gi%C3%A1o%20d%E1%BB%A5c%20th%E1%BB%83%20ch%E1%BA%A5t%2012%20-%20B%C3%B3ng%20r%E1%BB%95%22
Giáo dục Quốc phòng và An ninh 12,https://www.google.com/search?q=site%3Ataphuan.nxbgd.vn%20%22Gi%C3%A1o%20d%E1%BB%A5c%20Qu%E1%BB%91c%20ph%C3%B2ng%20v%C3%A0%20An%20ninh%2012%22
Tiếng Anh 12 - Global Success,https://www.google.com/search?q=site%3Ataphuan.nxbgd.vn%20%22Ti%E1%BA%BFng%20Anh%2012%20-%20Global%20Success%22
